date_found,company,lane,title,location,salary,posted,days_live,url
2026-10-05,Lendable,fintech,Senior Growth Manager,London (remote),,2026-10-05,0,https://jobs.ashbyhq.com/lendable/fd4ee99f-667e-4c02-a77e-94adcd010639
2026-10-05,Tide,fintech,"Director of Engineering, KYX",United Kingdom,,2026-10-05,0,https://job-boards.greenhouse.io/tide/jobs/8012699003
2026-10-03,Starling Bank,fintech,Group Head of Enterprise Risk,"London, England, United Kingdom",,2026-10-02,3,https://apply.workable.com/j/55B94B7D4F
2026-10-03,Starling Bank,fintech,Head of People Advisory and Employee Relations (12 Month Fixed Term Contract),"London, England, United Kingdom",,2026-10-02,3,https://apply.workable.com/j/DDDBAB9997
2026-10-02,Moneybox,wealth,Data Product & Analytics Engineering Senior Manager,London (hybrid),,2026-10-02,3,https://jobs.lever.co/moneyboxapp/a2f9d82a-46eb-4767-85d2-049d946b6115
2026-10-02,Monzo,fintech,Controls Product Senior Manager,London; Remote (UK),,2026-10-02,3,https://job-boards.greenhouse.io/monzo/jobs/8245673
2026-10-02,Monzo,fintech,"Product Director, Flex (Borrowing) ",London,,2026-04-02,186,https://job-boards.greenhouse.io/monzo/jobs/7775842
2026-10-01,Allica Bank,fintech,Head of Talent Acquisition,London Office (remote),,2026-09-30,5,https://jobs.ashbyhq.com/allica-bank/636f5100-8bd5-426e-b62f-40d7b928edb6
2026-10-01,Financial Times,media,"Head of Sales, Corporate & Government ",London,,2026-10-01,4,https://job-boards.eu.greenhouse.io/financialtimes33/jobs/4940643101
2026-09-29,Allica Bank,fintech,Head of Third Party Management,London Office (remote),,2026-09-29,6,https://jobs.ashbyhq.com/allica-bank/c98de71e-067b-42dd-94e3-dfa63d0263c0
2026-09-29,Auto Trader,marketplaces,Director of Corporate Affairs,London or Manchester,,2026-09-29,6,https://job-boards.eu.greenhouse.io/autotrader/jobs/4987420101
2026-09-26,Allica Bank,fintech,Growth Manager,London Office (remote),,2026-09-25,10,https://jobs.ashbyhq.com/allica-bank/1c53ae1a-ad95-4d45-ad8d-8488c665145d
2026-09-26,Immediate Media,media,Senior Digital Marketing Executive,"London, England, United Kingdom",,2026-09-25,10,https://apply.workable.com/j/F583408D71
2026-09-25,Goodlord,property,Head of Brand Marketing ,London (remote),,2026-09-24,11,https://jobs.ashbyhq.com/goodlord/6e55b8fd-5bc5-4b24-9fbf-ce75f00f530b
2026-09-23,Moneybox,wealth,Head of Risk and Compliance - Advice,London (hybrid),,2026-09-18,17,https://jobs.lever.co/moneyboxapp/5cfb1b1a-4418-40a8-bcfd-995d1586f4bd
2026-09-22,Allica Bank,fintech,Product Marketing Manager,London Office (remote),,2026-09-21,14,https://jobs.ashbyhq.com/allica-bank/2e9ac1c1-3ac1-460f-8fb2-edfac0fa40ba
2026-09-22,Butternut Box,media,Head of Product Design ,London,,2026-09-22,13,https://job-boards.greenhouse.io/butternutbox/jobs/8826916002
2026-09-19,Financial Times,media,"Marketing Manager, B2B Lifecycle",London,,2026-09-18,17,https://job-boards.eu.greenhouse.io/financialtimes33/jobs/4942579101
2026-09-19,Lendable,fintech,Head of Quality Engineering ,London (remote),,2026-09-18,17,https://jobs.ashbyhq.com/lendable/8777a91f-3c80-4522-ad74-419cc6a6bc26
2026-09-19,Monzo,fintech,"Senior Marketing Manager, EU Business Banking",London,,2026-08-11,55,https://job-boards.greenhouse.io/monzo/jobs/8121259
2026-09-18,Future plc,media,Head of Subscription Analytics,"London, England, United Kingdom",,2026-09-17,18,https://apply.workable.com/j/23CEFF1F33
2026-09-18,Future plc,media,Retail Client Director,"London, England, United Kingdom",,2026-09-15,20,https://apply.workable.com/j/061932D392
2026-09-18,Lendable,fintech,Growth Partnership Executive,London (remote),,2026-09-11,24,https://jobs.ashbyhq.com/lendable/128651df-c290-47d9-9a5b-1fb18bbe0266
2026-09-18,Lendable,fintech,Head of Compliance Monitoring,London (remote),,2026-09-15,20,https://jobs.ashbyhq.com/lendable/099008c8-347e-4475-ad62-c42fcdcabb86
2026-09-18,Monzo,fintech,"Operational Tax, Senior Manager","Cardiff, London or Remote (UK)",,2026-09-15,20,https://job-boards.greenhouse.io/monzo/jobs/8200681
2026-09-18,Monzo,fintech,Senior Director of People Operations,"Cardiff, London or Remote (UK)",,2026-09-15,20,https://job-boards.greenhouse.io/monzo/jobs/8195476
2026-09-18,Rightmove,property,Sales Director - South ,"Home-based, UK",,2026-03-06,213,https://job-boards.eu.greenhouse.io/rightmovecareers/jobs/4792528101
2026-09-18,Tide,fintech,Head of Product and Identity Security,United Kingdom,,2026-09-18,17,https://job-boards.greenhouse.io/tide/jobs/7998049003
2026-09-18,Treatwell,marketplaces,B2B Brand Manager,"London, England, United Kingdom",,2026-09-16,19,https://apply.workable.com/j/891D4A29CA
2026-09-18,Treatwell,marketplaces,Growth Marketing Manager - B2B,"London, England, United Kingdom",,2026-09-22,13,https://apply.workable.com/j/B6A3BCD516
2026-09-18,Treatwell,marketplaces,Head of Growth Marketing & GTM,"London, England, United Kingdom",,2026-09-18,17,https://apply.workable.com/j/28CDCE280C
2026-09-18,Treatwell,marketplaces,Marketing Manager - Partner Engagement & Advocacy,"London, England, United Kingdom",,2026-09-18,17,https://apply.workable.com/j/C39C060131
2026-09-18,Zopa,fintech,Head of Product Security,London (hybrid),,2026-08-05,61,https://jobs.lever.co/zopa/e6dce041-cb95-40b0-9331-6ccaeb2dd93d
2026-09-10,Butternut Box,media,Head of Retention CRM,"London, UK",,2026-08-27,39,https://job-boards.greenhouse.io/butternutbox/jobs/8720443002
2026-09-10,Fresha,marketplaces,Head of Data Science,London,GBP 95000-130000 per-year-salary,2026-05-07,151,https://jobs.lever.co/fresha/9b291d87-69c5-4819-b397-2f6b488bb22e
2026-09-10,Fresha,marketplaces,Head of Growth Marketing,London,,2026-05-22,136,https://jobs.lever.co/fresha/f00c91ad-3e77-4af7-af64-8e5eb95c5f07
2026-09-10,Fresha,marketplaces,Head of Paid Media,London,,2026-05-26,132,https://jobs.lever.co/fresha/22191aa3-dbc3-4db4-b679-c27c74734c89
2026-09-10,Fresha,marketplaces,Head of Payments Operations (London),London,,2026-05-20,138,https://jobs.lever.co/fresha/6c389749-af80-44b0-84cb-6ec75a5a47dc
2026-09-10,Fresha,marketplaces,Head of Performance Marketing,London,,2025-10-14,356,https://jobs.lever.co/fresha/0c4d9dc5-c416-4521-99a5-7a75a38662bb
2026-09-10,Fresha,marketplaces,Head of Security,London,,2026-04-30,158,https://jobs.lever.co/fresha/a28e39ce-ecb0-41b5-80b2-637984ae69c0
2026-09-10,Fresha,marketplaces,Technical Head of Compliance,London,,2026-04-29,159,https://jobs.lever.co/fresha/d9fc8083-5567-498f-8c56-3db05fc39ed2
2026-09-10,Future plc,media,Agency Partner Director,"London, England, United Kingdom",,2026-08-21,45,https://apply.workable.com/j/15C94B68A1
2026-09-10,Future plc,media,"Email Marketing Manager, Who What Wear / Marie Claire","London, England, United Kingdom",,2026-09-02,33,https://apply.workable.com/j/950A5B8151
2026-09-10,Future plc,media,"Head of Digital, Decanter - 12 Month FTC","London, England, United Kingdom",,2026-08-28,38,https://apply.workable.com/j/B2DC2C8249
2026-09-10,Goodlord,property,Growth Analyst ,London (remote),,2026-08-28,38,https://jobs.ashbyhq.com/goodlord/2afef4cb-0c83-4180-b0f9-fa4bfc131de4
2026-09-10,Goodlord,property,Head of Product Marketing ,London (remote),,2026-08-05,61,https://jobs.ashbyhq.com/goodlord/54c690cf-3f98-4514-a6f9-19d6b4e63345
2026-09-10,Immediate Media,media,Acquisition Marketing Manager,"London, England, United Kingdom",,2026-08-05,61,https://apply.workable.com/j/9DE0E6A3A5
2026-09-10,Landbay,property,Digital Marketing Executive,London,,2026-08-19,47,https://www.landbay.co.uk/careers/jobs?gh_jid=7892431003
2026-09-10,Lendable,fintech,Direct Mail Growth Manager,London (remote),,2026-09-29,6,https://jobs.ashbyhq.com/lendable/5760704f-23e7-4b4e-928c-f9edb9dfafa6
2026-09-10,Lendable,fintech,Growth Analyst,London (remote),,2026-08-05,61,https://jobs.ashbyhq.com/lendable/eb217993-5f94-480d-a7e3-41c4bfaae2c9
2026-09-10,Lendable,fintech,Head of Direct Mail ,London (remote),,2026-09-29,6,https://jobs.ashbyhq.com/lendable/29b6fa0a-dea7-46b7-8249-9cc81a6da570
2026-09-10,Moneybox,wealth,CRM Lifecycle Executive,London (hybrid),,2026-06-30,97,https://jobs.lever.co/moneyboxapp/a13a5a41-34dc-436f-97b4-c5c8fd286263
2026-09-10,Moneybox,wealth,Director of Treasury,London (hybrid),,2026-05-26,132,https://jobs.lever.co/moneyboxapp/44631972-0234-4432-8450-3272ef0d73e4
2026-09-10,Moneybox,wealth,Head of AI Platforms & Deployment,London Office (hybrid),,2026-09-09,26,https://jobs.lever.co/moneyboxapp/408e30e1-80bb-426e-b9d8-644e353acf26
2026-09-10,Moneybox,wealth,Head of Customer Support & Care,London Office (hybrid),,2026-08-18,48,https://jobs.lever.co/moneyboxapp/d3f8634b-0ba6-45b0-b0ea-e6c41f7c7a1c
2026-09-10,Monzo,fintech,"Director of Data, Payments","Cardiff, London or Remote (UK)",,2026-08-21,45,https://job-boards.greenhouse.io/monzo/jobs/8146871
2026-09-10,Monzo,fintech,Director of Product Design,"Cardiff, London or Remote (UK)",,2026-05-27,131,https://job-boards.greenhouse.io/monzo/jobs/7825424
2026-09-10,Monzo,fintech,"Engineering Director, EU","Cardiff, London or Remote (UK)",,2026-06-24,103,https://job-boards.greenhouse.io/monzo/jobs/8025854
2026-09-10,Monzo,fintech,"Lead Product Designer, Growth","Cardiff, London or Remote (UK)",,2026-09-09,26,https://job-boards.greenhouse.io/monzo/jobs/8185694
2026-09-10,Monzo,fintech,"Senior Legal Counsel, Digital Assets and Payments ","Cardiff, London or Remote (UK)",,2026-08-07,59,https://job-boards.greenhouse.io/monzo/jobs/7621662
2026-09-10,Monzo,fintech,"Senior Product Director, Business Banking",London,,2026-03-18,201,https://job-boards.greenhouse.io/monzo/jobs/7732437
2026-09-10,Monzo,fintech,Senior Product Marketing Manager,"Cardiff, London or Remote (UK)",,2026-04-29,159,https://job-boards.greenhouse.io/monzo/jobs/7861991
2026-09-10,Monzo,fintech,"Senior Product Marketing Manager, Business Banking","Cardiff, London or Remote (UK)",,2026-08-12,54,https://job-boards.greenhouse.io/monzo/jobs/8121253
2026-09-10,OakNorth,fintech,Director | Debt Finance - Real Estate & Trading Businesses,London (remote),,2026-06-29,98,https://jobs.ashbyhq.com/oaknorth/ce981b7d-a5a4-4fb1-b53d-8a242df7df3c
2026-09-10,OakNorth,fintech,Director | Debt Finance | Real Estate ,London (remote),,2026-07-08,89,https://jobs.ashbyhq.com/oaknorth/abd732f6-536c-420a-a1ab-3a7d570e76bb
2026-09-10,Tide,fintech,Director of Mobile and Web Platform,United Kingdom,,2026-08-10,56,https://job-boards.greenhouse.io/tide/jobs/7848597003
2026-09-10,Treatwell,marketplaces,Financial Services Director,"London, England, United Kingdom",,2026-09-21,14,https://apply.workable.com/j/EA5EE51000
2026-09-10,Zopa,fintech,Director of Engineering,London (hybrid),,2026-09-10,25,https://jobs.lever.co/zopa/f43d5c6a-7306-4a83-b72f-81cf7d1f68eb
2026-09-10,Zopa,fintech,Head of Complaints,London (hybrid),,2026-09-03,32,https://jobs.lever.co/zopa/3e765249-623a-4401-8315-d2781465b6ce
2026-09-10,Zopa,fintech,Head of Marketing Analytics,London (hybrid),,2026-06-15,112,https://jobs.lever.co/zopa/f37c57aa-9b3c-4bb0-80e5-6cd1be81459b
