date_found,company,lane,title,location,salary,url
2026-09-10,Allica Bank,fintech,CRM & Revenue Operations Manager (Hubspot),London Office (remote),,https://jobs.ashbyhq.com/allica-bank/3715328e-9db7-4af7-8a34-df42fbc32a11
2026-09-10,Allica Bank,fintech,Growth Marketing Senior Analyst,London Office (remote),,https://jobs.ashbyhq.com/allica-bank/41d49068-0c67-4613-817f-bdc28d8ce157
2026-09-10,Allica Bank,fintech,Head of Platform Engineering (International),Milton Keynes Office (remote),,https://jobs.ashbyhq.com/allica-bank/d0124699-a3bb-4113-a4ae-daf3b041b6d9
2026-09-10,Butternut Box,media,Head of Retention CRM,London,,https://job-boards.greenhouse.io/butternutbox/jobs/8720443002
2026-09-10,Deliveroo,marketplaces,CRM Executive - Retail,London - The River Building HQ,,https://jobs.ashbyhq.com/deliveroo/50ff8324-991f-4e79-96fa-21a835f48e52
2026-09-10,Deliveroo,marketplaces,Global Head of Mx Support ,Manchester - Main Office (remote),,https://jobs.ashbyhq.com/deliveroo/140f4935-9d86-422b-a0a1-544aa500f250
2026-09-10,Deliveroo,marketplaces,Head of Creative,London - The River Building HQ (remote),,https://jobs.ashbyhq.com/deliveroo/eb83a36f-297a-4440-ac80-e85afbc76973
2026-09-10,Deliveroo,marketplaces,Head of International Product / Group Product Manager - Customer Experience,United Kingdom - Home Office (remote),,https://jobs.ashbyhq.com/deliveroo/770aa01d-0ab5-4a15-b362-1a0b4d285ff3
2026-09-10,Deliveroo,marketplaces,Head of Territory Management,London - The River Building HQ,,https://jobs.ashbyhq.com/deliveroo/a5cde44e-ab35-450b-bdce-4dd515fa5c95
2026-09-10,Deliveroo,marketplaces,Machine Learning Engineer - Growth & Personalisation,London - The River Building HQ,,https://jobs.ashbyhq.com/deliveroo/79f30888-c201-44d2-b98e-3641a9b7733d
2026-09-10,Deliveroo,marketplaces,Senior B2B CRM Executive,London - The River Building HQ,,https://jobs.ashbyhq.com/deliveroo/34f28e7d-9fef-4133-ba78-7ada33f22c74
2026-09-10,Deliveroo,marketplaces,Senior Digital Marketing Specialist - Paid Social - FTC,London - The River Building HQ (remote),,https://jobs.ashbyhq.com/deliveroo/bbeb706e-489b-4e0e-a727-19eb870a8154
2026-09-10,Deliveroo,marketplaces,"Senior Engineering Manager, Brand Ads and Promotions",London - The River Building HQ (remote),,https://jobs.ashbyhq.com/deliveroo/3e2b8be5-dfc1-4fe6-bcb8-e05643f6b405
2026-09-10,Deliveroo,marketplaces,Senior Machine Learning Engineer - Growth & Personalisation,London - The River Building HQ,,https://jobs.ashbyhq.com/deliveroo/682ef9e8-0bb4-4497-936a-e4d31d98e229
2026-09-10,Deliveroo,marketplaces,Senior Manager - Incentives,London - The River Building HQ (remote),,https://jobs.ashbyhq.com/deliveroo/7e173914-296f-408f-b8ad-a2fb02738bb3
2026-09-10,Deliveroo,marketplaces,"Senior Manager, Accounting",London - The River Building HQ (remote),,https://jobs.ashbyhq.com/deliveroo/07d5262d-254d-4ae6-b8cc-f35e30f8f700
2026-09-10,Deliveroo,marketplaces,"Senior Manager, Commercial Enablement ",London - The River Building HQ (remote),,https://jobs.ashbyhq.com/deliveroo/672e4b05-ec90-443e-aee1-4a4d412e0096
2026-09-10,Deliveroo,marketplaces,"Senior Manager, Corporate Services Sourcing",London - The River Building HQ (remote),,https://jobs.ashbyhq.com/deliveroo/49901a8e-3585-4649-b9f6-3e5a781d2f6b
2026-09-10,Deliveroo,marketplaces,"Senior Manager, Global HR Compliance",London - The River Building HQ,,https://jobs.ashbyhq.com/deliveroo/789b5a82-c682-4067-acec-fc6454857196
2026-09-10,Deliveroo,marketplaces,"Senior Marketing Manager, Search and App - Europe",London - The River Building HQ (remote),,https://jobs.ashbyhq.com/deliveroo/fa780410-c7f3-4dce-8fed-819436951bc4
2026-09-10,Financial Times,media,Digital & Print Production Engineer ,London,,https://job-boards.eu.greenhouse.io/financialtimes33/jobs/4930206101
2026-09-10,Financial Times,media,"Senior Marketing Manager, Demand Generation Campaigns",London,,https://job-boards.eu.greenhouse.io/financialtimes33/jobs/4942618101
2026-09-10,Freetrade,fintech,Director of Security & Privacy ,London  (remote),,https://jobs.ashbyhq.com/freetrade/1f587c0a-1307-4fad-ab26-b1bff50caf0d
2026-09-10,Fresha,marketplaces,Head of Data Science,London,GBP 95000-130000 per-year-salary,https://jobs.lever.co/fresha/9b291d87-69c5-4819-b397-2f6b488bb22e
2026-09-10,Fresha,marketplaces,Head of Growth Marketing,London,,https://jobs.lever.co/fresha/f00c91ad-3e77-4af7-af64-8e5eb95c5f07
2026-09-10,Fresha,marketplaces,Head of Paid Media,London,,https://jobs.lever.co/fresha/22191aa3-dbc3-4db4-b679-c27c74734c89
2026-09-10,Fresha,marketplaces,Head of Payments Operations (London),London,,https://jobs.lever.co/fresha/6c389749-af80-44b0-84cb-6ec75a5a47dc
2026-09-10,Fresha,marketplaces,Head of Performance Marketing,London,,https://jobs.lever.co/fresha/0c4d9dc5-c416-4521-99a5-7a75a38662bb
2026-09-10,Fresha,marketplaces,Head of Security,London,,https://jobs.lever.co/fresha/a28e39ce-ecb0-41b5-80b2-637984ae69c0
2026-09-10,Fresha,marketplaces,Technical Head of Compliance,London,,https://jobs.lever.co/fresha/d9fc8083-5567-498f-8c56-3db05fc39ed2
2026-09-10,Future plc,media,Agency Trading Director,"London, England, United Kingdom",,https://apply.workable.com/j/15C94B68A1
2026-09-10,Future plc,media,"Brand Marketing Manager, Games","London, England, United Kingdom",,https://apply.workable.com/j/36C320DE66
2026-09-10,Future plc,media,"Email Marketing Manager, Who What Wear / Marie Claire","London, England, United Kingdom",,https://apply.workable.com/j/950A5B8151
2026-09-10,Future plc,media,"Head of Digital, Decanter - 12 Month FTC","London, England, United Kingdom",,https://apply.workable.com/j/B2DC2C8249
2026-09-10,Goodlord,property,Growth Analyst ,London (remote),,https://jobs.ashbyhq.com/goodlord/2afef4cb-0c83-4180-b0f9-fa4bfc131de4
2026-09-10,Goodlord,property,Head of Product Marketing ,London (remote),,https://jobs.ashbyhq.com/goodlord/54c690cf-3f98-4514-a6f9-19d6b4e63345
2026-09-10,Immediate Media,media,Acquisition Marketing Manager,"London, England, United Kingdom",,https://apply.workable.com/j/9DE0E6A3A5
2026-09-10,Immediate Media,media,Social Media & Audience Engagement Executive,"London, England, United Kingdom",,https://apply.workable.com/j/38C9F532F1
2026-09-10,Landbay,property,Digital Marketing Executive,London,,https://www.landbay.co.uk/careers/jobs?gh_jid=7892431003
2026-09-10,Lendable,fintech,Direct Marketing Growth Manager,London (remote),,https://jobs.ashbyhq.com/lendable/5760704f-23e7-4b4e-928c-f9edb9dfafa6
2026-09-10,Lendable,fintech,Growth Analyst,London (remote),,https://jobs.ashbyhq.com/lendable/eb217993-5f94-480d-a7e3-41c4bfaae2c9
2026-09-10,Lendable,fintech,Head of Credit - UK Cards,London (remote),,https://jobs.ashbyhq.com/lendable/866f686e-1755-4da8-9422-ddc43bcee870
2026-09-10,Lendable,fintech,Head of Direct Marketing & CRM,London (remote),,https://jobs.ashbyhq.com/lendable/29b6fa0a-dea7-46b7-8249-9cc81a6da570
2026-09-10,Moneybox,wealth,CRM Lifecycle Executive,London (hybrid),,https://jobs.lever.co/moneyboxapp/a13a5a41-34dc-436f-97b4-c5c8fd286263
2026-09-10,Moneybox,wealth,Director of Treasury,London Office (hybrid),,https://jobs.lever.co/moneyboxapp/44631972-0234-4432-8450-3272ef0d73e4
2026-09-10,Moneybox,wealth,Head of AI Platforms & Deployment,London Office (hybrid),,https://jobs.lever.co/moneyboxapp/408e30e1-80bb-426e-b9d8-644e353acf26
2026-09-10,Moneybox,wealth,Head of Customer Support & Care,London Office (hybrid),,https://jobs.lever.co/moneyboxapp/d3f8634b-0ba6-45b0-b0ea-e6c41f7c7a1c
2026-09-10,Moneybox,wealth,"Senior Paid Marketing Manager, Google Ads & Organic Search",London Office (hybrid),,https://jobs.lever.co/moneyboxapp/4f12b047-ee67-4d5a-9b53-0de508e6da4c
2026-09-10,Moneybox,wealth,"Senior Paid Marketing Manager, Paid Social",London Office,,https://jobs.lever.co/moneyboxapp/7608448c-3c28-4d92-bd5b-4d360a592b69
2026-09-10,Moneyfarm,wealth,CRM Marketing Specialist - Pension,"London, England, United Kingdom",,https://apply.workable.com/j/90E66646C6
2026-09-10,Monzo,fintech,CRM Manager  - EU,London; Remote (UK),,https://job-boards.greenhouse.io/monzo/jobs/8133342
2026-09-10,Monzo,fintech,"Director of Data, Payments","Cardiff, London or Remote (UK)",,https://job-boards.greenhouse.io/monzo/jobs/8146871
2026-09-10,Monzo,fintech,Director of Investments and Pensions,London,,https://job-boards.greenhouse.io/monzo/jobs/8163979
2026-09-10,Monzo,fintech,Director of Product Design,"Cardiff, London or Remote (UK)",,https://job-boards.greenhouse.io/monzo/jobs/7825424
2026-09-10,Monzo,fintech,"Engineering Director, EU","Cardiff, London or Remote (UK)",,https://job-boards.greenhouse.io/monzo/jobs/8025854
2026-09-10,Monzo,fintech,"Lead Product Designer, Growth","Cardiff, London or Remote (UK)",,https://job-boards.greenhouse.io/monzo/jobs/8185694
2026-09-10,Monzo,fintech,"Senior Brand Designer, Fixed Term Contract ",London,,https://job-boards.greenhouse.io/monzo/jobs/8180014
2026-09-10,Monzo,fintech,"Senior Legal Counsel, Digital Assets and Payments ","Cardiff, London or Remote (UK)",,https://job-boards.greenhouse.io/monzo/jobs/7621662
2026-09-10,Monzo,fintech,"Senior Product Director, Business Banking",London,,https://job-boards.greenhouse.io/monzo/jobs/7732437
2026-09-10,Monzo,fintech,Senior Product Marketing Manager,"Cardiff, London or Remote (UK)",,https://job-boards.greenhouse.io/monzo/jobs/7861991
2026-09-10,Monzo,fintech,"Senior Product Marketing Manager, Business Banking","Cardiff, London or Remote (UK)",,https://job-boards.greenhouse.io/monzo/jobs/8121253
2026-09-10,OakNorth,fintech,Director | Debt Finance - Real Estate & Trading Businesses,London (remote),,https://jobs.ashbyhq.com/oaknorth/ce981b7d-a5a4-4fb1-b53d-8a242df7df3c
2026-09-10,OakNorth,fintech,Director | Debt Finance | Real Estate ,London (remote),,https://jobs.ashbyhq.com/oaknorth/abd732f6-536c-420a-a1ab-3a7d570e76bb
2026-09-10,OakNorth,fintech,"Director, Credit - Trading Businesses",London (remote),,https://jobs.ashbyhq.com/oaknorth/3b6d7a53-905b-4e91-8f7a-33213b3273fb
2026-09-10,Starling Bank,fintech,Digital Brand Designer,"London, England, United Kingdom",,https://apply.workable.com/j/B85CDD2D6F
2026-09-10,Strava,media,"Senior Manager, Product Design",Strava London,£117.9K – £131.3K • Offers Equity,https://jobs.ashbyhq.com/strava/7423c916-9780-421a-a5d5-62eb0992fc37
2026-09-10,The Economist,media,"Head of Event Programming, EuroFinance - 6mth FTC",London - Commercial,,https://job-boards.eu.greenhouse.io/theeconomistgroup/jobs/4956184101
2026-09-10,Tide,fintech,Director of Mobile and Web Platform,United Kingdom,,https://job-boards.greenhouse.io/tide/jobs/7848597003
2026-09-10,Tide,fintech,Head of Country Commercial Management - Admin Services,United Kingdom,,https://job-boards.greenhouse.io/tide/jobs/7792468003
2026-09-10,Treatwell,marketplaces,Financial Services Director,"London, England, United Kingdom",,https://apply.workable.com/j/EA5EE51000
2026-09-10,Wolt,marketplaces,"Senior Manager, Strategy & Operations, 1P EMEA","Berlin, Germany; Helsinki, Finland; London, United Kingdom; Prague, Czechia; Warsaw, Poland",,https://job-boards.greenhouse.io/wolt/jobs/8143621
2026-09-10,Zopa,fintech,Director of Engineering,London (hybrid),,https://jobs.lever.co/zopa/f43d5c6a-7306-4a83-b72f-81cf7d1f68eb
2026-09-10,Zopa,fintech,Head of Complaints,London (hybrid),,https://jobs.lever.co/zopa/3e765249-623a-4401-8315-d2781465b6ce
2026-09-10,Zopa,fintech,Head of Marketing Analytics,London (hybrid),,https://jobs.lever.co/zopa/f37c57aa-9b3c-4bb0-80e5-6cd1be81459b
